id;description
419c6cc3-1c3e-4569-8aa3-8c7419f486e1;../fake-data/blob/hipster.txt
394d699c-2225-4a9c-9b76-62cdc7372bf4;../fake-data/blob/hipster.txt
192fb18b-1ba9-4d5b-b8c3-211c8c062481;../fake-data/blob/hipster.txt
1d037c0c-8573-4c4d-b361-f623bbc6f008;../fake-data/blob/hipster.txt
559b5409-f22a-49c5-8499-994d7df5952a;../fake-data/blob/hipster.txt
117a9773-2462-4075-8639-c9095e583ff7;../fake-data/blob/hipster.txt
1eed3a30-6d81-44a0-843a-158324a972a9;../fake-data/blob/hipster.txt
8111c466-b950-478a-829b-571d7c587415;../fake-data/blob/hipster.txt
c2a8a4d8-bb10-4105-a894-1994eef3d316;../fake-data/blob/hipster.txt
3389ba1c-0543-4051-a61a-7527293038a7;../fake-data/blob/hipster.txt
