id;name;description;image;image_content_type;email;age
2fd91947-cb33-4a97-bf12-3e45c649c026;Implementation Consultant Kong;../fake-data/blob/hipster.txt;../fake-data/blob/hipster.png;image/png;Alphonso_Schneider@yahoo.com;43816
824346ca-cf3e-41c7-b3df-613ad541bc11;Generic bluetooth;../fake-data/blob/hipster.txt;../fake-data/blob/hipster.png;image/png;Raymond30@gmail.com;80977
8da1cc37-31c1-409b-ab39-ecb4ac96203e;redundant;../fake-data/blob/hipster.txt;../fake-data/blob/hipster.png;image/png;Lupe16@hotmail.com;63982
e79e98c7-1b9d-4511-b4bc-1d282878293d;override;../fake-data/blob/hipster.txt;../fake-data/blob/hipster.png;image/png;Mack.Bartoletti36@yahoo.com;82805
d9871aef-726f-429d-b126-6e5136fa07e7;overriding Japan multi-tasking;../fake-data/blob/hipster.txt;../fake-data/blob/hipster.png;image/png;Llewellyn_Dickens25@gmail.com;45915
3d4eb520-34c1-40bc-8e90-d3f7cbdd09e3;Stand-alone Mississippi;../fake-data/blob/hipster.txt;../fake-data/blob/hipster.png;image/png;Jeanne_Tromp67@hotmail.com;66626
1dc86ea7-7ee1-44e2-8e82-6b90d96c161e;user indexing monitor;../fake-data/blob/hipster.txt;../fake-data/blob/hipster.png;image/png;Clair_Macejkovic9@hotmail.com;27719
6c0ecd02-34bc-49b8-b7ab-23d815acd974;Afghani;../fake-data/blob/hipster.txt;../fake-data/blob/hipster.png;image/png;Shaina.Weissnat@hotmail.com;14777
1a2d7721-d09f-4c7c-a37f-469c3648db7f;Minnesota array;../fake-data/blob/hipster.txt;../fake-data/blob/hipster.png;image/png;Theresia.Gislason@yahoo.com;85662
365dfba8-f4e8-4c99-a14e-cededfc16884;Connecticut edge Springs;../fake-data/blob/hipster.txt;../fake-data/blob/hipster.png;image/png;Mayra_Berge@gmail.com;83012
